ID,nextID,uiSort,content_cn,content_en,isRoleSay,needchangeBg,isSave,isKeySave
1,2,0,宫灯华明，兴夜阑珊，偌大的皇宫内，有人哭天抢地，有人安然泰之。,Englishcontent1,0,0,0,0
2,3,0,你穿着单薄的寝衣倚在美人榻上，慢条斯理地拨弄茶盖，闻着沁人心脾熏香，静静等待着消息。,Englishcontent1,0,0,0,0
3,32,0,你叫沈碧，是这大离国的皇后，也是这后宫的主人。但，即便你是这么尊贵的身份，在这深宫之中过得也并不如意……,Englishcontent1,0,0,0,0
4,5,0,“吱呀”，房门被轻轻推开。你的贴身宫女琉璃踩着匆忙的碎步走到你身前跪下：“禀娘娘，丽妃生了，是个小皇子。”,Englishcontent1,0,0,0,0
5,6,0,你饮茶的动作蓦然顿住，眉头缓缓蹙起，喃喃重复：“小皇子？”,Englishcontent1,0,0,0,0
6,7,0, 琉璃怯怯点头，不敢抬眼看你。你缓和了神色，温声让她退下，并未再说什么。等琉璃走后，你又在榻上呆了好一会儿，直到熏烛暗淡，你才起身进了寝房。,Englishcontent1,0,0,0,0
7,8,0,今夜这丽妃产子，揪着多少人的心。这宫里，已经许久没有诞下过皇子了，皇帝今日政务繁忙，今夜也特意去丽妃殿前守着她生产，可见多么重视。想必，他应当很高兴罢。,Englishcontent1,0,0,0,0
8,9,0,你抚上自己的肚子，眼里逐渐染上哀怨。你分明，也是可以为他产下皇子的，可他不要啊，宁愿期待那个身份低微的女人生下来的种，也不要你这堂堂皇后为他诞下皇子。,Englishcontent1,0,0,0,0
9,10,0,往日糟粕的记忆浮现，你的心头越发怨恨。在皇帝还未登基时你就已经是他的太子妃了，那时你们住在东宫，浓情蜜意，他宠你护你，珍爱你极了。一登基，就立刻封你为后，给了你最尊贵的身份和礼遇。那时，你并为把他当成一个帝王，只当他是你深爱的男人。,Englishcontent1,0,0,0,0
10,11,0,他似乎做到了他能给你的所有，你被这幸福迷了眼，竟不知这只是带着砒霜的糖。若不是你久久没有怀上孩子，让太医来给你诊治，若不是你偷偷安插眼线去查，竟不知那夜夜宠幸于你，口口声声说爱你的男人竟一直在给你喝避子汤！你多傻啊，一直以为那是他特意吩咐给你补身子的药，还深受感动！,Englishcontent1,0,0,0,0
11,12,0,可惜等你发现这一切，已经晚了，你的身子再也无法恢复，你永远都不可能有身孕。这对一个女人来说，对皇后来说，是多么残忍的事情！彼时你还性子刚烈，当即便同皇帝对峙，那个男人初始还做做样子诓哄你一下，后来他不耐烦了，便也将残忍的真相告诉了你。,Englishcontent1,0,0,0,0
12,13,0,原来啊，你深爱的男人从未爱过你，从娶你为太子妃时就是利益使然。你的父亲是朝中重臣，掌握着大离国的重要兵权。母亲是先太后的亲侄女，哥哥也是骁勇大将军。能娶到你当太子妃，他的太子之位势必更加稳固。等他顺利登基，再慢慢利用你拿走父亲手里的兵权，下你哥哥的威信，不然他这皇位坐得胆战心惊，在你父亲跟前也总要礼他三分。,Englishcontent1,0,0,0,0
13,14,0,他不敢跟你生下皇子，他怕你父亲会挟你的儿子篡他皇位。多么荒唐啊！而你从始至终只是一个被爱情冲昏头脑的草包，全然没想到他的每一步都有诸多算计！,Englishcontent1,0,0,0,0
14,15,0,从前总听人说帝王是没有心的，你不以为然，认为他是一个例外，到底是你太天真。这些年，你盲目信任他，导致父亲被他针对，在朝中地位岌岌可危，哥哥也被他设计诬陷，如今被发配至边疆。你也终于清醒，要守住你的后位保护你的家人。,Englishcontent1,0,0,0,0
15,16,0,你久久没有诞下皇子，势必会被群臣起哄让你下位，但，若是宫中所有嫔妃都没有诞下皇子，那便没有正当的机会废掉你。也不知是不是老天开了眼，你都没有亲自动手，这后宫的嫔妃要么就是早产，要么就是夭折，这么些年也只诞下了十个公主，一个皇子都没有。,Englishcontent1,0,0,0,0
16,17,0,大臣们急啊，皇帝也急啊。他急到连一天都不愿把时间浪费在你这个无法生育的女人身上，夜夜宠信其他嫔妃，每月都要选新的秀女进宫，眼下的乌青浓重，再也没有当初那吸引你的俊秀挺拔模样。,Englishcontent1,0,0,0,0
17,18,0,皇帝也曾怀疑是你对他的子嗣们下了黑手，你虽有此打算，也曾让琉璃去下过手，但最终都并不是死在你的手上。所以你便无惧他的怀疑，坦坦荡荡，他也拿你无甚办法，只能抖着手指头称你毒妇，想着把你父亲的势力全部扳倒，再来惩罚你吧。但你可不会给他这个机会。,Englishcontent1,0,0,0,0
18,19,0,这回，你等了数日，没有等到小皇子夭折的消息，反而等来太后的寿宴要和小皇子的诞生宴一一同举办的消息。这可怎么行，这不是昭告所有人丽妃的小皇子即将被立为太子，而你这个皇后，即将被废掉了吗？！,Englishcontent1,0,0,0,0
19,20,0,你不知以往那些个孩子是怎么没的，是天意也好，有他人下手也好，总归结局是你要的。这次难道，要你亲自动手了吗？,Englishcontent1,0,0,0,0
20,21,0,这日，生产过后的丽妃第一次抱着孩子来跟你请安，你瞅着她怀里那安睡的小婴儿，一时有些恍惚，若是你能剩下子嗣，也会这么白白胖胖的吧？,Englishcontent1,0,0,0,0
21,22,0,许是你落在她孩子身上的目光久了些，丽妃有些紧张地抱紧了自己孩子，借口自己要回去给小皇子喂奶先行告退了。,Englishcontent1,0,0,0,0
22,23,0,等丽妃走后，琉璃问你：“娘娘，需要动手吗？”,Englishcontent1,7,0,0,0
23,24,0,你眯了眯眼，不紧不慢道：“不急。”,Englishcontent1,0,0,0,0
24,25,0, 如今皇帝对这小皇子的保护可谓十分严谨，不能贸然行动。太后的寿宴在即，你这个时候动手势必在别人眼里你有很重的嫌疑。你相信这后宫中想弄死这皇子的不止你一个，想必这件事也不用你亲自动手。,Englishcontent1,0,0,0,0
25,26,0, 寿宴之前，你特意去见了两个人。一个是最近最受宠爱的菀嫔董菀歌，一个是不太受宠，且和丽妃有过节的瑜妃傅瑜。,Englishcontent1,0,0,0,0
26,27,0,董菀歌相貌出众，家世又好，入宫时间虽不长，但很快就成了皇帝后宫的红人，备受宠爱。除了肚子迟迟没动静之外，别的待遇那是高于后宫所有女人。如今丽妃顺利诞下了皇子，董菀歌的地位定然是受到威胁冲击最大的，你相信她定然知道自己的处境。,Englishcontent1,0,0,0,0
27,28,0,傅瑜就不一样了，她就是一个家道中落的普通秀女，父亲从前是朝中大臣，但因犯了错被撤了职，家中亲眷还被牵连住进打牢。原本一家都寄托于她能得到皇帝的宠幸，挽救全家，可惜一进宫就被丽妃抢了风头。两人这些年一直在后宫明争暗斗，如今丽妃诞下了皇子，地位瞬间高了她不少，等再过段时间，哪怕是要了傅瑜的小命皇帝怕是也不会责怪她什么。如此看来，傅瑜也势必是很想除掉这个威胁的，哪怕是在宫中备受冷落，但也锦衣玉食的被伺候着，总比被讨厌的人强压一头丢了小命强。,Englishcontent1,0,0,0,0
28,29,0,你同这两人都吹了耳边风，剩下的，就看她们自己开不开窍了。,Englishcontent1,0,0,0,0
29,30,0, 到了太后寿宴这天，规模比往年都要盛大，各路皇亲国戚朝中大臣都前来拜贺。你知道，这有一半都是冲着小皇子来的。,Englishcontent1,0,0,0,0
30,31,0,你今日心情可谓是降到冰点，那丽妃仅仅还只是诞下了一个皇子，就已经跟你平起平坐一排席位。皇帝这安排，可不明白着告诉大家下一任皇后就是丽妃了么？！,Englishcontent1,0,0,0,0
31,32,0,非但如此，皇帝竟还说：“今日，趁着众人都在，朕也想顺便解决一下这多年的疑惑，朕多次让太医诊治，身子并无问题，没有生不出儿子的道理。但这么多年，后宫的嫔妃要么是怀不上儿子，要么流产，要么生下皇子便夭折，实在是蹊跷。朕一直相信是有人在搞鬼，但一直没抓到那人。今日众人就帮朕分析分析，究竟是谁在捣鬼！”,Englishcontent1,0,0,0,0
32,-1,0,众人顿时一阵唏嘘，谁也不敢贸然开口。你震惊地看向皇上，这莫不是疯了，好好的一场寿宴，被他当成了衙门不成？！,Englishcontent1,0,0,0,0
33,34,0,秋风萧瑟，月上梧桐。,Englishcontent1,0,0,0,0
34,35,0,万家灯火沉寂，冗长的街道里只有一处华丽的府邸中光影闪烁。,Englishcontent1,0,0,0,0
35,36,0,你叫苏衍，是大离国唯一的皇室亲王，当今皇上苏勉的弟弟。此时你正坐在书房，缓慢地翻看一本典籍。随着一盏香燃到尽头，窗外也传来些许动静。你放下书，走到窗前抓住白鸽拿下纸条。,Englishcontent1,0,0,0,0
36,37,0,“丽妃生了，是个儿子。”,Englishcontent1,0,0,0,0
37,38,0,你看完这句话，缓缓蹙起眉心，随手将纸条扔到烛火中任它烧成灰烬。这皇上的后宫中已经许久没人有孕了，这么多年过去，皇上的膝下一个皇子都没有，只有十个公主。这确实是你乐于见到的，你也早安插了人在后宫中，做好了绝不允许有皇子存在的准备。不过每每都没等你的人动手，那些刚出生的皇子都莫名夭折，一些有孕的嫔妃也莫名流产。你只当成是后宫中那些女人的勾心斗角，比如皇后，她这么多年都没生下个一子半女，家里的权势也远不如从前，若是被其他后妃先生了儿子，她的地位定是难保。你对这些后宫女人的争斗没什么兴趣，但有人能替你铲除麻烦，也不失为一件好事。,Englishcontent1,0,0,0,0
38,39,0,近来皇上身体明显不如从前，传出有孕的妃子越来越少，你也渐渐不关注这一块，准备新的计划。没成想这丽妃倒是个好运的，竟然在这个时候生下了个儿子。你的心情只沉郁了片刻，毕竟这个孩子想来也是活不了几日的。,Englishcontent1,0,0,0,0
39,40,0,看了一眼那烧成灰烬的纸条，你的思绪一转，想到给你传信的人，幽幽轻叹一声。此人是董相之女董菀歌，也是宫中的菀嫔。她虽是你的眼线，却原也不是你想安插她进宫的。,Englishcontent1,0,0,0,0
40,41,0,跟她的相遇是一场意外，先前的一次中元节，你假意出门闲逛，实则是为了跟江湖中一大武林门派接收情报。打发时间之时你在一个小贩的摊上猜完了他的灯谜，之后发现一个陌生女子暗中跟了你一路。你心生警惕，回头同那女子打了照面，原本以为对方不是善茬，都已动了杀心。熟料那女子羞红着脸对着你支支吾吾，眼里分明是爱慕的情愫，你便了然，只是一个倾慕你的陌生女子罢了。,Englishcontent1,0,0,0,0
41,42,0,也不知为何，瞧着她那张羞涩的俏脸，你起了逗弄之心。拿走了她的绣帕，还告诉了她自己的府邸。,Englishcontent1,0,0,0,0
42,43,0,这事儿很快被你抛掷脑后，没想到过了几日，那女子竟然真的来府邸找上了你。你也知道她并不是什么普通女子，而是当今丞相的女儿董菀歌。也说不清是因为她的身份还是因为她的容颜，亦或是因为她爽朗炙热的性格，你跟她一来一往纠缠越来越深。,Englishcontent1,0,0,0,0
43,44,0,你想你是真的有几分喜欢这个女子，也乐于跟她来一场风花雪月。她的出现，也给身处权谋中的你带来一丝纯粹的愉悦。熟料一段时日后，她竟与你说想同你成婚，这让你的理智尽数回归。,Englishcontent1,0,0,0,0
44,45,0,你的府中一个妻妾都没有，只有一些为了掩人耳目安置的美人。在外人眼里，你就是一个好色的浪荡子，不愿被家室束缚。但只有你知道，你走的是怎样一条艰险之路，你能活到哪一日都不确定，又何谈娶妻生子牵连人家？深思熟虑下，你将你的秘密告诉了董菀歌。,Englishcontent1,0,0,0,0
45,46,0,你的目标是除掉苏勉登上皇位，那原本就是属于你的位置。你本是对皇位没有那么在乎，谁让这苏勉要为了这个位置加害你和你的母妃？宫里一个有三个皇子，你是最小的那一个。彼时你还年幼，某日，二皇子和他的母妃突发意外身亡，具体是什么意外也没有确切说法，皇上也没有大肆调查，处理完后事这件事很快就被人遗忘。也就从那之后，你的母妃变得格外谨慎，尤其紧张你的安危。,Englishcontent1,0,0,0,0
46,47,0,等你稍大一些后，母妃才跟你提起那二皇子的死并不简单，定是被人陷害。如今宫中只有你和苏勉两个皇子，太子之位虽然暂定了苏勉，但未来皇位到底给谁也没个定数，你难免会被苏勉当成眼中钉。你的母妃并无什么雄厚的背景，根本无法与皇后抗衡，只能小心自保。,Englishcontent1,0,0,0,0
47,48,0,你听得懵懂，没有太放在心上。直到有一日，因你顽皮被夫子留下罚抄书，抄着抄着你就在学堂睡着了。等你醒来已是深夜，想着母妃定然十分担心，匆匆回去却只看见漫天的大火。,Englishcontent1,0,0,0,0
48,49,0,你永远记得那一幕，火焰晃花了你的眼，你哭喊着叫着母妃，宫人们一盆一盆的泼水救火。你祈祷母妃也如你这般回来晚了，没有被大火波及。可惜，火势扑灭后，你只找到了她被烧焦的尸体。,Englishcontent1,0,0,0,0
49,50,0,你想起母妃的话，坚信这件事是苏勉和皇后所谓，可父皇并不打算追究，只说是意外走水。皇后他们定然是想将你和母妃一起除掉，没料到你正好不在。不过你母妃都死了，你也早晚会出事。你的舅舅得知此事，进宫向父皇请求将你带出宫去少林修行，父皇念及你母妃去世你的情绪大受打击，便同意了。,Englishcontent1,0,0,0,0
50,51,0,彼时你还不愿离开，你想给母妃报仇。舅舅点醒了你，你已然无依无靠，皇后想弄死你就像捏死一只蚂蚁，当务之急是要活下去，报仇之事需得慢慢来，让你等待时机。这一等，也就等了快二十年了。,Englishcontent1,0,0,0,0
51,52,0,同董菀歌说了你的秘密，你也不害怕她能做出什么害你的事，只是希望她不要再执着于嫁给你。她如你所料很是吃惊，之后便消失了好几天。就在你以为她想明白了的时候，她竟然又来了，且还主动要将身子给你。不仅如此，她还说要帮你，愿意进宫接近苏勉，跟你里应外合。,Englishcontent1,0,0,0,0
52,53,0,你很震惊，没想到她消失这么多天竟是做了这样的决定。你起初是拒绝的，但她很坚定，“阿衍，除了你，我此生也没法爱上别人了。你想要做的就是我想要做的，我想帮你。你只要答应我，等你心愿达成后，娶我好不好？”,Englishcontent1,0,0,0,0
53,54,0,你心尖儿颤抖，除了母妃，你从未被人如此炽热坚定地爱过。你知道董菀歌性子执拗，即便你不同意，她也会想别的法子达到目的。你到底还是答应了，只是到如今你都还未想明白，自己究竟为何做下这个决定。若你爱她，又怎会把她推向别的男人身边，若你不爱……你抚上自己胸口，这里也确确实实是为她动了心的。,Englishcontent1,0,0,0,0
54,55,0,不得不说，董菀歌的身份确实十分容易接近苏勉。她贵为丞相之女，董相又一直受到苏勉青睐，加上董菀歌有一副好皮囊，获得恩宠不是难事。你无法想象她是怎样忍受在一个不爱之人身下承欢，但她进宫之后，确实给你提供了不少情报。,Englishcontent1,0,0,0,0
55,56,0,罢了，现下想这么多也是无用，你亏欠董菀歌的，也只希望日后能有机会补偿她了。,Englishcontent1,0,0,0,0
56,57,0,等了数日，你并未等到小皇子夭折的消息，就连你安插的人也告诉你皇上这次对小皇子的安危格外看重，派了御前侍卫看护，旁人根本无法近身。不仅如此，皇上还要给小皇子办诞生宴，日子就定在跟太后寿宴的同一天。,Englishcontent1,0,0,0,0
57,58,0, 这自古以来，一个普通嫔妃生的孩子，哪里需要办什么诞生宴。他搞得这么隆重，等于是变相告诉所有人皇位后继有人了。你暗暗冷笑，这皇位怎么可能让他的种坐上去呢？,Englishcontent1,0,0,0,0
58,59,0,太后寿宴这天，规模比往年都要盛大，各路皇亲国戚朝中大臣都前来拜贺，你也不例外。那丽妃今日竟与皇后沈碧平起平坐，看来沈碧这后位是难保了。,Englishcontent1,0,0,0,0
59,60,0,你在前排落座，拿出准备好的贺礼摆在桌上，忽然听皇帝口吻威严地说：“今日，趁着众人都在，朕也想顺便解决一下这多年的疑惑，朕多次让太医诊治，身子并无问题，没有生不出儿子的道理。但这么多年，后宫的嫔妃要么是怀不上儿子，要么流产，要么生下皇子便夭折，实在是蹊跷。朕一直相信是有人在搞鬼，但一直没抓到那人。今日众人就帮朕分析分析，究竟是谁在捣鬼！”,Englishcontent1,0,0,0,0
60,-1,0,众人顿时一阵唏嘘，谁也不敢贸然开口。你眉心一拧，看来今日是少不了一出杀鸡儆猴了啊。,Englishcontent1,0,0,0,0
61,62,0,宫灯华明，兴夜阑珊，今夜这偌大的皇宫中，又是有人彻夜无眠呐，比如你。,Englishcontent1,0,0,0,0
62,63,0,你叫傅瑜，是这后宫三千佳丽中不起眼的其中之一。原本你得不到皇帝的宠爱，在这深宫中锦衣玉食混吃等死过一辈子也算凑合，毕竟除此之外，你也再没更好的归宿。,Englishcontent1,0,0,0,0
63,64,0,父亲如今丢了官职，家中亲眷还有锒铛入狱的，你本就因为庶女的身份在家中不受宠爱，若不是在选秀中得到皇帝一时青睐，你也会被父亲当成礼物去讨好哪个老态龙钟的权臣。可惜在皇宫的安稳日子也并不容易坐稳，你原以为自己攀上了皇帝，日后便能顺风顺水，可惜皇帝只宠幸了你几夜，便被那跟你同期进宫的丽妃用手段给勾了去。之后，你就如同那成百上千被冷落的妃子一样，终日困束在这冰冷的后宫中。,Englishcontent1,0,0,0,0
64,65,0,你也试图斗过，但太累了。当初在家中同几位哥哥姐姐都斗得你心力交瘁，这后宫中这么多女子，未来还会有源源不断的新人进来，你没权没势，如何斗得过来？还不如在你这小小的一方居所中安稳度日。但那个丽妃，却不是个善茬。初时将你当成同期的竞争对手与你针锋相对抢你恩宠也就罢了，你想开了不与她们争宠，她却还是总找你麻烦。这一来二去，你们二人也结下了颇深的梁子。,Englishcontent1,0,0,0,0
65,66,0,不过后宫中也有后宫的规矩，大家明面上也就做些恶心人的小动作，拿对方的宫女太监出出气，作不出什么大的水花。但，现在可不一样了。皇上这么多年膝下无一个皇子，这么多嫔妃也只给他诞下了十个公主，抛开那些怀上了又流产，生下来又夭折的嫔妃不说，好多连怀都怀不上。就连从东宫就跟着皇上的皇后，如今膝下也无一子半女。这丽妃如今也不是皇上最最宠幸之人，却也不知走了什么狗屎运，竟然怀上了！,Englishcontent1,0,0,0,0
66,67,0,这不，今夜就是她的生产之日，皇上都放下公务亲自去她殿前守住，可见多么重视。你们现在二人在后宫的地位还算平起平坐，她若是真的诞下了皇子，说不定连皇后都能给替了去。不过皇后父亲是朝中重臣，应当没那么容易被替代。但再不济，她也定能被册一个皇贵妃，头衔定然在你之上。之后她再同你斗，便如碾碎一只蚂蚁一般容易。,Englishcontent1,0,0,0,0
67,68,0,皇帝在丽妃的殿前等着，你也在自己的寝宫等着。也不知过了多久，你的房门被敲响，被你派去打探情况的杜衡终于回来了。,Englishcontent1,0,0,0,0
68,69,0,一见到他，你立刻起身追问：“怎么样？生了吗？”,Englishcontent1,0,0,0,0
69,70,0,杜衡脸色凝重，“生了，是个小皇子，很健康，陛下很高兴。”,Englishcontent1,0,0,0,0
70,71,0,手中的茶杯“啪嗒”掉落在地，你失神地跌坐在榻上，苦笑喃喃，还真是走了狗屎运啊。,Englishcontent1,0,0,0,0
71,72,0,“娘娘，想要除掉他吗？”你发呆之际，冷不丁听杜衡这样问。,Englishcontent1,0,0,0,0
72,73,0,你大吃一惊，你虽不希望丽妃生下皇子，但也万万没有想去伤害一条无辜小生命的想法。到底是你在这深宫中呆的时间还不够长，心思还不够歹毒吗？,Englishcontent1,0,0,0,0
73,74,0,杜衡似乎看出你所想，轻叹一声道：“娘娘，奴才知道您心地善良，可这宫中就是吃人不眨眼的地儿，您要是对别人心软，日后别人未必会对你心软呀。”,Englishcontent1,0,0,0,0
74,75,0,你心中苦涩，是啊，但，真的有必要去毒害一个刚出生的婴儿吗？你心烦意乱，挥挥手让杜衡退下。,Englishcontent1,0,0,0,0
75,76,0,杜衡没动，小心翼翼地问你：“娘娘，今夜需要奴才服侍吗？”,Englishcontent1,0,0,0,0
76,77,0,你脸上一红，摆手拒绝，等杜衡走后，你才重重吐出一口浊气。,Englishcontent1,0,0,0,0
77,78,0,这宫里，没几个干净的人儿。你虽然自诩不够毒辣，还不忍心去杀人害命，但你也确有见不得人的丑事。你入宫也有好几个年头了，皇帝除了一开始宠幸了你几日，之后便甚少踏入你的寝殿。这宫中也没个交心之人，日子久了，难免抑郁。,Englishcontent1,0,0,0,0
78,79,0,杜衡是后来被安排到你的寝宫中来服侍的，比起别的宫女太监，他对你更为上心，也愿意聆听你说话。久而久之，你将这小太监当成这宫中最为信赖之人。杜衡比你更清楚这深宫中的一切，你被丽妃针对时，也少不了他帮你出谋划策，不仅如此，他也知道你身为女人在这无人问津的宫里有多寂寞，竟用那样的法子来安慰你。可谓是从身到心方方面面都把你照顾得格外细致。,Englishcontent1,0,0,0,0
79,80,0,一开始你还很怕，杜衡说这宫中有的是人做这些事，还有跟侍卫偷情的，不过没被逮住罢了。他说只要不被人发现，就没什么大碍。你被他说服，也逐渐沉沦于他的细腻服侍。,Englishcontent1,0,0,0,0
80,81,0,人啊，在这深宫中生存本就不易，若是再叫人拿捏住了什么把柄，那就更是凶多吉少了。你与其他嫔妃无甚纠葛，也就只有这个丽妃，偏偏她还诞下了皇子，有一句话杜衡说得很对，你对别人手软，别人未必会对你心慈。但，皇帝身边这么多年没有皇子活下来，你猜这宫里早就有人在对皇上的子嗣下手，就你进宫的这些日子，已经听闻好几个妃子的皇子生下来就夭折了。说不定，丽妃的小皇子不需要你动手，也活不了几天。,Englishcontent1,0,0,0,0
81,82,0,一连数日，你都心神不宁烦躁不已，杜衡每日都会给你带来丽妃那边的消息。说皇帝日日都去看望她，给了她许多赏赐。说小皇子被皇帝严严实实地派人保护起来，除了他的母亲和奶娘，别人都近身不得。说丽妃现在差不多已经是整个宫中地位最高的人了，连前段时间备受宠爱的董菀歌如今也都被她抢了风头。说丽妃身子恢复了些许之后抱着小皇子去跟皇后请安，没呆多久就回去了，连皇后也不敢多说她什么……,Englishcontent1,0,0,0,0
82,83,0,这一字字一句句，让你的心脏悬挂在半空，焦灼不已。而就在这时，丽妃还派人来给你送礼了，说是皇帝给了赏了不少好东西，想着都是宫中姊妹，便送些来分享给你。,Englishcontent1,0,0,0,0
83,84,0,你哪里不知道，送礼是假，跟你炫耀，给你下马威才是真。,Englishcontent1,0,0,0,0
84,85,0,你盼着她的儿子突然夭折，但夭折的消息没盼到，得来了皇上要给丽妃的孩子办诞生宴，同太后的寿宴在同一天举行。瞧，这地位上升得多么明显啊！以前她是个什么东西？连给太后送礼都不一定能得到一记正眼的妃子，如今得了孩子，能跟太后的寿宴一起举行！,Englishcontent1,0,0,0,0
85,86,0,你的心情愈发暴躁，莫名发了好多次火，砸了好多东西，杜衡一直都默默地收拾烂摊子，守在你身边安抚你。,Englishcontent1,0,0,0,0
86,87,0,太后寿宴的前一天，皇后沈碧来找了你，她知道你跟丽妃的过节，旁敲侧击暗示丽妃有了儿子，日后的地位会青云直上，你的日子不会好过。可若她没了儿子，那便又和这宫中万千没什么用的嫔妃一样了。,Englishcontent1,0,0,0,0
87,88,0,你有些茫然，皇后为何要跟你说这些？她那语重心长关怀的样子，像是多担心你日后被丽妃欺辱，可你平日于皇后也并无太多来往呀。,Englishcontent1,0,0,0,0
88,89,0,等皇后走后，杜衡才说：“皇后娘娘这是想借您的手除掉小皇子呐。”,Englishcontent1,0,0,0,0
89,90,0,你恍然大悟，又陷入更深的迷茫。那你，到底要不要这样做呢？你看向杜衡，杜衡微笑道：“娘娘想做什么奴才都支持。”,Englishcontent1,0,0,0,0
90,91,0,你并未想好这件事要不要做。,Englishcontent1,0,0,0,0
91,92,0,太后寿宴这天，规模比往年都要盛大，各路皇亲国戚朝中大臣都前来拜贺。那丽妃从前是跟你坐一排的位置，今日竟然跟皇后平起平坐了。皇后的脸色不太好看，你想她也是感受到了威胁吧。,Englishcontent1,0,0,0,0
92,93,0,你将自己准备的贺礼放在桌上，忽然听皇帝口吻威严地说：“今日，趁着众人都在，朕也想顺便解决一下这多年的疑惑，朕多次让太医诊治，身子并无问题，没有生不出儿子的道理。但这么多年，后宫的嫔妃要么是怀不上儿子，要么流产，要么生下皇子便夭折，实在是蹊跷。朕一直相信是有人在搞鬼，但一直没抓到那人。今日众人就帮朕分析分析，究竟是谁在捣鬼！”,Englishcontent1,0,0,0,0
93,-1,0,众人顿时一阵唏嘘，谁也不敢贸然开口。你也很是震惊，这宫中多年的秘事，皇上今日居然要在这样的大庭广众之下公然审理吗？,Englishcontent1,0,0,0,0
94,95,0,秋风萧瑟，月上梧桐。,Englishcontent1,0,0,0,0
95,96,,万家灯火沉寂，唯有皇宫宫灯华明，兴夜阑珊。往常的这个时候，你应当已经安睡，但今夜，心儿却随着隔壁宫殿传来撕心裂肺的哭叫声不上不下，煎熬极了。,Englishcontent1,0,0,0,0
96,97,,终于，伴随着一声嘹亮的婴儿啼哭，你的心也沉入谷底。,Englishcontent1,0,0,0,0
97,98,,竟是个男婴！,Englishcontent1,0,0,0,0
98,99,0,你面色凝重，匆匆写下一张纸条绑在信鸽上，站在窗前看着它飞远。,Englishcontent1,0,0,0,0
99,100,0,你叫董菀歌，是这后宫万千嫔妃中的一员。入宫时日不算长，但备受皇帝宠爱。今夜，皇帝本该是来到你的寝宫，但隔壁的丽妃今夜产子，皇帝紧张万分，早早就放下公务前去守候，可见他多么重视。,Englishcontent1,0,0,0,0
100,101,0,是啊，年近四十，膝下却无一个皇子，怎么不重视呢？说来蹊跷，这皇上身体生龙活虎，夜夜不歇，后宫佳丽每月上新，这么多年，竟一个儿子都没生下。若说是没有人搞鬼，你是万万不信的。,Englishcontent1,0,0,0,0
101,102,0,一开始，你怀疑这人是皇后，但皇后这么多年也没为皇帝生下个一子半女，导致这皇后的位置也坐得岌岌可危。你便派出了她的嫌疑，但后来，你听小道消息说皇后身患不育症，又想着她若是知道自己无法生育，定然也会害怕其他嫔妃生出来儿子威胁她的地位，所以那些总是莫名流掉的夭折的孩子说不定都是她干的。,Englishcontent1,0,0,0,0
102,103,0,再说说你，虽然常常被皇上宠幸，但你事后都会服用避子汤，所以定然是无法怀孕的。想到这里，你不禁抚上自己的小腹，都说避子汤服用多了将来便难再有生育，想必你此生也难以再有孩子了吧。虽然可惜，但若不是那人的孩子，不要也罢。,Englishcontent1,0,0,0,0
103,104,0,你本是不用进宫的，你的父亲是大离国的丞相，你身为家中最小的嫡女，十分受宠。父母都对你没有过高的期望，只愿你能平安喜乐，找个待你好的如意郎君。当初你执意要进宫时，父亲气得罚你跪了三夜祠堂，母亲哭得上气不接下气，但你依旧心意坚决。,Englishcontent1,0,0,0,0
104,105,0,他们不知道，你本就是为了你的如意郎君进这深宫之中。,Englishcontent1,0,0,0,0
105,106,0,想起那人，你的眉眼温和下来，嘴角不自觉染上笑意。你的心上人啊，是皇上的亲弟弟，苏衍。你们相识于在一场灯会上，那人身穿普通青衫，手执一把白玉折扇，器宇轩昂，风流倜傥，站在熙熙攘攘的人群中一下就攥住了你的双眼。,Englishcontent1,0,0,0,0
106,107,0,彼时他在猜灯谜，那足足三排的灯谜都被他用闲散自若的语气流畅猜完，小贩定是没有料到会遇见如此厉害之人，频频冒冷汗。等他猜完，哭丧着脸给他算奖励，熟料那人大气一挥手，什么也没要，还让小厮付了猜灯谜的钱。,Englishcontent1,0,0,0,0
107,108,0, 看着他离去的背影，你也不知怎的，指使丫鬟去给你买糖葫芦，自己鬼使神差地跟了上去。走过了一条街，他突然停下步子，你以为是什么小贩吸引了他的注意，却不料他蓦的转身，直直朝你走来。,Englishcontent1,0,0,0,0
108,109,0,你呆呆地仰头看着他笑着问你：“这位姑娘跟了我一路，可有何事？”,Englishcontent1,0,0,0,0
109,110,0,你羞得满脸通红，完全没了平日张扬娇惯的大小姐模样，磕磕绊绊说不出一句完整的话。他见你这样，竟笑得更愉悦了，似是看穿了你的心思，轻声在你耳边说了他府邸的位置，还拿走了你的绣帕。,Englishcontent1,0,0,0,0
110,111,0,丫鬟着急忙慌找来，就看见你对着熙熙攘攘红着脸发呆的模样，还以为你是被人欺负了。此后，那人的脸就一直在你脑中盘旋不去，你终究是放下了女儿家的心思主动去了他府邸找人。也一夕之间明白了何为“情不知所起，一往而深”。,Englishcontent1,0,0,0,0
111,112,0,你知道了那人叫苏衍，是皇帝的亲弟弟，也是跟皇帝关系最好的一位亲王。你也知道了这不是你的单相思，你们彼此都心系对方。跟苏衍在一起的时光是你此生最快乐的日子，他会带你去划船，带你逛集市，为你作画，为你抚琴，陪你看星辰看日落，种你最爱的百合花。,Englishcontent1,0,0,0,0
112,113,0,苏衍曾问你为何喜欢百合，你没告诉他其实是跟他在一起之后才喜欢的，百合百合，百年好合，多么美好的名字。早在他为你描眉的时候，你就在心里将自己当成了他的妻子。,Englishcontent1,0,0,0,0
113,114,0,父亲总担心你会看上一个家境贫寒一无是处的男子，这下好了，若是知道你挑选的如意郎君这样优秀，他定然会非常高兴。就在你兴致勃勃跟苏衍商量何事将你们的事情告知父母时，苏衍却面色沉重地拒绝了。他对你说他还身负着重要的使命，还有大仇未报，还要夺走皇位，在做完这一切之前，他的前路都是未知且凶险的，不能贸然娶妻，否则难免会连累对方。,Englishcontent1,0,0,0,0
114,115,0,你接受不了这个答案，哭过闹过失望过，可冷静下来之后想想，即便如此，他依旧是你最爱的男人啊。你愿意为他付出一切，你也想帮他承担他身上的担子。你整理好情绪，精心梳妆打扮一番，找到苏衍，让他要了你。,Englishcontent1,0,0,0,0
115,116,0,苏衍很错愕，并不愿意，还让你不要这样糟践自己。可是他不懂，除了他你也不会再爱上别的男人了，把自己交给他，哪怕不是夫妻，在你心中也绝不是糟践自己。,Englishcontent1,0,0,0,0
116,117,0,你揽上他的脖颈，认真凝视着他的脖颈，“阿衍，我让你要了我，不是想逼你娶我。我这些天想了许多，也想明白了，我能理解你的一切，我也愿意帮你。今夜过后，我就选秀进宫接近皇上，你想做什么我都帮你。”,Englishcontent1,0,0,0,0
117,118,0,苏衍震惊得说不出话，你轻笑一声继续道：“你不用怀疑也不用有负担，我爱你，所以愿意为你做任何事。”,Englishcontent1,0,0,0,0
118,119,0,过了许久，苏衍蓦的紧紧抱住你，郑重地在你耳边低喃，“待我登基，便娶你为后。”,Englishcontent1,0,0,0,0
119,120,0,你满足的闭上眼，有他这句话就够了。,Englishcontent1,0,0,0,0
120,121,0,后来，你给自己点了一颗假的守宫砂，违背父母的意愿坚持入了宫，靠着出色的容貌和家世得到了皇上的青睐。第一次侍寝那夜，你故意灌醉了皇上，事后割破手指将血滴在床单上，次日才得以过关。只是等麽麽走后你才想起守宫砂还没擦掉，好在并没人看见。,Englishcontent1,0,0,0,0
121,122,0,回忆戛然而止，你黯然苦笑，如今你这副身子早已被那种马皇上糟蹋了个遍，即便阿衍愿意娶你，你也再也无法坦荡同他在一起。,Englishcontent1,0,0,0,0
122,123,0,罢了，如今你只希望帮阿衍完成他的夙愿，至于其他，无暇去想了。这宫中多年都无皇子诞下，想必早就有人在对皇上的子嗣下手。那丽妃的孩子多半也会落得个夭折的宿命，应当是轮不到你动手的。,Englishcontent1,0,0,0,0
123,124,0,阿衍也是这样想的，次日他给你回信，让你静观其变。但等了数日，没等到丽妃皇子夭折的消息，反而得来皇上要为皇子设诞生宴的消息，日子甚至选在跟太后的寿宴同一天，这几乎是变相宣告所有人太子之位有人继承了！,Englishcontent1,0,0,0,0
124,125,0, 阿衍曾说过，宫中绝不能有皇子的存在，如今可怎么办？皇上对这个小皇子宝贝得很，除了奶娘和丽妃别人都近身不得，派了禁军看护，即便你想动手，也根本找不到机会。,Englishcontent1,0,0,0,0
125,126,0,太后寿宴的前一天，皇后沈碧竟然特意来找了你。你刚进宫时将她当成假想敌，在皇上跟前给她穿了几回小鞋，之后被她知道，也给过你下马威。虽然你后来得知她只是一个空有其名的挂牌皇后，便也不再她身上费心思。即便这样，你们之间也无法再和睦到哪里去，只能维持表面客套。今日倒是奇了，还带来了珠宝来看你。,Englishcontent1,0,0,0,0
126,127,0,皇后先是跟你闲话了几句，而后切入正题，将话头引到丽妃身上。旁敲侧击警示你如今丽妃的儿子是皇宫唯一的皇子，势必是最有可能坐上太子之位的，到那时，哪怕你再受宠，也根本爬不上去。她还说她自己是生不了皇子了，若一定要扶持一个嫔妃的儿子，她更希望那人是你。你问她为什么，她说是欣赏你的真性情。,Englishcontent1,0,0,0,0
127,128,0, 你心下冷笑，说这么多，无非是想借你的手除掉丽妃的儿子罢了。只要丽妃的儿子不除，沈碧的皇后之位也根本坐不牢固了，哪还有机会去扶持其他嫔妃的儿子。,Englishcontent1,0,0,0,0
128,129,0,你装作不知道她的心机，婉言对她的关怀表示感谢，等她走后，你的脸色冷下来。你同情沈碧是个可怜之人，宫中随便哪个秀女在皇上眼中都比她的分量重，她还能坐在这个位置上，全靠她的父亲还有点作用。但阿衍也说了，皇上已经在逐步瓦解沈家的势力，等把沈家的兵权全部收回去，那沈碧离废后也不远了。原本只要她不招惹你，你也并不把她放在眼里，但她要是敢把坏主意打在你身上，你定然也是不会客气了,Englishcontent1,0,0,0,0
129,130,0,太后寿宴这天，规模比往年都要盛大，各路皇亲国戚朝中大臣都前来拜贺。那丽妃从前是跟你坐一排的位置，今日竟然跟皇后平起平坐了。这么重要的日子，阿衍也会进宫，你已经许久没有见到他了，如今再看到，无法克制自己的视线贪婪地黏在他身上……,Englishcontent1,0,0,0,0
130,131,0,你看着阿衍出神之际忽然听皇帝口吻威严地说：“今日，趁着众人都在，朕也想顺便解决一下这多年的疑惑，朕多次让太医诊治，身子并无问题，没有生不出儿子的道理。但这么多年，后宫的嫔妃要么是怀不上儿子，要么流产，要么生下皇子便夭折，实在是蹊跷。朕一直相信是有人在搞鬼，但一直没抓到那人。今日众人就帮朕分析分析，究竟是谁在捣鬼！”,Englishcontent1,0,0,0,0
131,-1,0,众人顿时一阵唏嘘，谁也不敢贸然开口。你也很是震惊，这宫中多年的秘事，皇上今日居然要在这样的大庭广众之下公然审理吗？你担忧攥紧手，虽然阿衍没说，但你以为这事儿跟他脱不了干系，毕竟除了他，应当是没有别人这么不希望皇帝诞下儿子。,Englishcontent1,0,0,0,0
132,133,0,秋风萧瑟，月上梧桐。,Englishcontent1,0,0,0,0
133,134,0,万家灯火沉寂，唯有皇宫宫灯华明，兴夜阑珊。不远处的宫殿里不时传来撕心裂肺的哭喊，已经持续好几个时辰了。,Englishcontent1,0,0,0,0
134,135,0, 你躲在暗处，忍受着蚊子的叮咬，面无表情地等待着。,Englishcontent1,0,0,0,0
135,136,0,也不知过了多久，殿内传来一声婴儿的啼哭，老嬷嬷抱着一个婴儿匆匆跑出来在焦灼踱步的皇上跟前跪下：“恭喜陛下，是个小皇子！是个小皇子！”,Englishcontent1,0,0,0,0
136,137,0,你眉头缓缓蹙起，对这个结果十分不满意。尤其是看到那穿着黄色袍子的男人朗笑出声，那副开怀模样让你戾气更甚。你正要离开，却发现对面昏暗的树荫下也有一个身影，你的夜视能力极好，眯眼仔细辨认了一下，认出那是皇后沈碧身边的贴身丫鬟琉璃。看来，今夜牵挂着丽妃产子的人很多啊。,Englishcontent1,0,0,0,0
137,138,0,你叫杜衡，是宫里的太监，目前在瑜妃殿内当差。那瑜妃同今夜产子的丽妃有些纠葛，便派你前来守着打听丽妃的生产情况，怕她生了个儿子。,Englishcontent1,0,0,0,0
138,139,0,回到瑜妃的殿内，她的房间还亮着灯，以往这个时候她早就歇下了，今夜看来是心事重重无法安眠。你敲门进去，瑜妃一看见你就紧张地问：“怎么样？生了吗？”,Englishcontent1,0,0,0,0
139,140,0,“生了，是个小皇子，很健康，陛下很高兴。”你面色凝重地回禀。,Englishcontent1,0,0,0,0
140,141,0,果然，瑜妃脸色瞬间难看下来，手中的茶杯掉落，跌坐在凳子上，苦笑着喃喃什么。,Englishcontent1,0,0,0,0
141,142,0,你掩住眸中情绪沉声问：“娘娘，想要除掉他吗？”,Englishcontent1,0,0,0,0
142,143,0,瑜妃一惊，看样子并无此打算。跟在她身边这么久，你对她的性子算是了解透彻，这反应也在你的意料之中。也不知该说她是心善还是畏缩，这种情势下，若想让自己未来的生活安稳，定然是要除掉这个皇子的。瑜妃和丽妃同时进宫，没受宠几天就被丽妃使计把皇上的恩宠抢走了，此后还一直跟瑜妃处处作对。这后宫女人繁多，哪怕不牵扯皇上，也有一堆能斗气来的女人，所以瑜妃和丽妃这两个小角色的你来我往也不算什么。但，这丽妃产下了皇子，一切就不一样了。日后她不但可以把瑜妃踩在脚下，在整个皇宫中的地位也是大大提升，连膝下一直没有子女的皇后都要让她三分。当然，最先要不好过的，肯定是瑜妃了。,Englishcontent1,0,0,0,0
143,144,0,看瑜妃现在这六神无主的模样，想必也是想到了这一点。你轻叹一声，劝道：“娘娘，奴才知道您心地善良，可这宫中就是吃人不眨眼的地儿，您要是对别人心软，日后别人未必会对你心软呀。”,Englishcontent1,0,0,0,0
144,145,0, 瑜妃没说什么，挥手让你下去。你瞧她这眉头紧锁的模样也有些心疼，柔声道：“娘娘，今夜需要奴才服侍吗？”,Englishcontent1,0,0,0,0
145,146,0,瑜妃似乎脸红了一瞬，还是拒绝了。你便听话退下，轻轻帮她带上房门。在她门口站了片刻，才收敛表情回到自己的房间。,Englishcontent1,0,0,0,0
146,147,0,这宫中见不得人的密事多了去，比如那储秀宫的月嫔一直在与前殿的龚侍卫私通；比如那新来的容妃进宫前就已经不是完璧之身；又比如你和这瑜妃，也行过苟且之事；还比如这皇帝这些年一直没有儿子的原因，都是你在搞鬼……,Englishcontent1,0,0,0,0
147,148,0,你十四岁进宫，那个时候你就没再把自己当成一个活人。你只有一个目的，报仇，让那个皇帝生不如死。这么多年，你在宫里各个地方都值过岗，也有机会晋升，但你放弃了，甘于当一个不起眼的小太监潜伏在这深宫中。谁能想到这个不起眼的小太监，会是皇上的亲兄弟呢？彼时，你的母妃是皇贵妃，你是宫里的二皇子，你也还叫苏衡。那时太子之位还没立，而你自然被当成了某些人的眼中钉。你亲爱的皇兄买通了母妃身边的丫鬟，给你和母妃都下了药，在她毒害你的时候被奶娘发现，药没全部给你喂下。你被奶娘想办法带出宫去活了下来，找了个替代品和母妃一起葬了，那时你虽才四岁，但这段记忆和仇恨深深刻在了你的脑子里。,Englishcontent1,0,0,0,0
148,149,0,父皇并未好好调查母妃和你的死因，你更相信他知道是谁而为，没有追究罢了。毕竟总共就三个儿子，死了一个，也不能再处决一个。你在外活得不易，靠奶娘微薄的积蓄抚养了你几年，你的人生好像骤然失去了方向和意义，唯一的信念支撑，只有报仇二字。你告别奶娘独自进了宫，开始了你的复仇计划。,Englishcontent1,0,0,0,0
149,150,0,既然当今皇上做得出残害手足的事，想必亲情观念十分淡薄，这种人要是有了儿子，该有多么危险。毕竟儿子也是可能觊觎他皇位的人啊。你多贴心，没有早早铲除这个渣滓，反而帮他排忧解难，除掉了好些个对手。一开始，你把目标最准皇后沈碧，毕竟她生下来的孩子那必然是太子的第一人选，不过多年来她一子半女都未怀上。后来你开始关注皇帝宠幸过的妃子，但凡有人怀孕，你就想办法让她们流产。后来你也觉得有些不人道，便给了一些妃子生下来的机会，若是女孩儿，便放一马，若是男孩儿，再给做掉也不迟。,Englishcontent1,0,0,0,0
150,151,0,你把人际关系打点得极好，虽是个没有身份的太监，但也极为吃得开。你在后宫中换了多任主子，利用这些主子的名号和自己的关系能从宫里宫外拿到好些稀奇古怪的药。弄些让人流产的香薰植物或是掺杂一些食材药物在那些妃子的膳食里倒也不难，若是这些都没机会，就设法让她们受个惊，摔个跤动动胎气。孩子要是生下来了，只要能接近到他们，弄死就很简单，毕竟婴儿的生命极为脆弱。,Englishcontent1,0,0,0,0
151,152,0,这两年也许是皇上的身体也不行了，传出有身孕的嫔妃越来越少，你也比从前闲了些，一边谋着新的计划，一边给自己找些乐子。那瑜妃，也算是你的一个乐子了。初始也没觉得她同其他女人有什么不一样，后来发现她属实是没什么志向，似乎觉得在宫里混吃等死的日子也算快哉，也就只有跟那丽妃斗斗嘴皮子还总是斗不过人家。这种性格在这深宫中若是有人想陷害，那是再容易不过，也得亏她是没有收到皇上恩宠。,Englishcontent1,0,0,0,0
152,153,0,你也只把她这儿当成一个暂时的栖息所，毕竟在越不起眼的人底下当差，你行事就越方便。这瑜妃对待下人也很好，几乎从不责罚，好说话得很。后有一日，她许是太无聊了，竟与你闲聊起来，之后，是怎么发展到那一步的呢？,Englishcontent1,0,0,0,0
153,154,0,哦，她说你长得眉清目秀，不像个太监。她说她在宫中无聊又寂寞，你可愿陪她解解闷？你问她怎么解？后来，便就莫名到了榻上了。,Englishcontent1,0,0,0,0
154,155,0,其实她并不是第一个跟你提出这种事情的后妃，不过之前你都没答应，这次为什么会答应呢？你想或许是因为你正好也空闲了些吧。,Englishcontent1,0,0,0,0
155,156,0, 这一次皇上苏勉对他儿子的保护十分严密，你观察好几日都没找到动手的时机，但你也还算沉得住气。宫里传出消息，说皇上要给小皇子办诞生宴，日子还定在跟太后寿宴的同一天。,Englishcontent1,0,0,0,0
156,157,0,这自古以来，一个普通嫔妃生的孩子，哪里需要办什么诞生宴。他搞得这么隆重，等于是变相告诉所有人皇位后继有人了。呵，可惜了，这天子之位必不可能让他的种坐上去。,Englishcontent1,0,0,0,0
157,158,0,这之后，皇后沈碧来找了傅瑜，无非是知道傅瑜同丽妃有过节，想借她的手杀掉丽妃的儿子。沈碧倒是有几分聪明的，但她做这些也都是徒劳，她家里的势力已经逐步被瓦解，加上膝下一直没有皇子，这皇后之位早就岌岌可危了。那皇上早就有心废了她，跟其他妃子有没有孩子根本没关系。可惜她这主意打到你所在的殿内，若是傅瑜出了什么幺蛾子，你定然也会被牵连。,Englishcontent1,0,0,0,0
158,159,0,但你相信，傅瑜这性子，断然是做不出杀人的事。只是因为丽妃的事情，又被皇后这样算计，脾气变得极为暴躁，砸了好些东西，你一直好脾气地在她身边安抚，她发泄完之后又会委委屈屈缩在你怀里，十分依赖你。,Englishcontent1,0,0,0,0
159,160,0,傅瑜茫然地问你她到底要不要除掉那小皇子，你微笑着抚摸她的发丝，“娘娘想做什么奴才都支持。”,Englishcontent1,0,0,0,0
160,161,0,太后寿宴这天，规模比往年都要盛大，各路皇亲国戚朝中大臣都前来拜贺。那丽妃从前是跟瑜妃坐一排的位置，今日竟然跟皇后平起平坐了。,Englishcontent1,0,0,0,0
161,162,0, 你默默站在一群丫鬟太监中间，忽然听皇帝口吻威严地说：“今日，趁着众人都在，朕也想顺便解决一下这多年的疑惑，朕多次让太医诊治，身子并无问题，没有生不出儿子的道理。但这么多年，后宫的嫔妃要么是怀不上儿子，要么流产，要么生下皇子便夭折，实在是蹊跷。朕一直相信是有人在搞鬼，但一直没抓到那人。今日众人就帮朕分析分析，究竟是谁在捣鬼！”,Englishcontent1,0,0,0,0
162,-1,0,众人顿时一阵唏嘘，谁也不敢贸然开口。你瞳孔微缩，没想到这厮竟突然来这么一出。,Englishcontent1,0,0,0,0
163,164,0,秋风萧瑟，月上梧桐。,Englishcontent1,0,0,0,0
164,165,0,万家灯火沉寂，唯有皇宫宫灯华明，兴夜阑珊。不远处的宫殿里不时传来撕心裂肺的哭喊，已经持续好几个时辰了。,Englishcontent1,0,0,0,0
165,166,0,你躲在暗处，忍受着蚊子的叮咬，不耐地等待着。,Englishcontent1,0,0,0,0
166,167,0,也不知过了多久，殿内传来一声婴儿的啼哭，老嬷嬷抱着一个婴儿匆匆跑出来在焦灼踱步的皇上跟前跪下：“恭喜陛下，是个小皇子！是个小皇子！”,Englishcontent1,0,0,0,0
167,168,0,你陡然一惊，大脑空白了一瞬，也顾不上手上还在吸你血的蚊子了。这丽妃，竟然生了个儿子？！你暗暗咬牙，攥紧拳头转身准备离开，临走前恍惚看见对面的树荫下似乎也站着个人。你没看清楚，也怕被人发现，匆匆小跑而去。,Englishcontent1,0,0,0,0
168,169,0, 你叫琉璃，是皇后身边的大丫鬟，从皇后还在东宫当太子妃时就一直跟在她身边服侍，直到如今，也有将近十个年头了。,Englishcontent1,0,0,0,0
169,170,0,今日，是宫中的丽妃生产的日子，皇上登基多年，膝下一个小皇子都没有。随着时间推移年纪增长，越发焦虑。今日这丽妃产子，他早早放下政务前来守候，可见多么重视。同样重视的人，还有皇后沈碧，她派你来这里守着打探消息，等丽妃一生完，立马回去向她禀报。,Englishcontent1,0,0,0,0
170,171,0,回到凤栖殿，你推开皇后寝居的大门，她正卧在贵妃榻上喝茶，见到你回来便立马坐直身。你向皇后如实禀报，丽妃产下了个儿子。果然，皇后的脸色瞬间难看下来。你垂下眼不敢看她，一阵沉默后，皇后闻声吩咐你退下。,Englishcontent1,0,0,0,0
171,172,0,你轻轻帮她带上房门，在屋外站了好一会儿才离开，脸色也愈发沉郁。,Englishcontent1,0,0,0,0
172,173,0, 皇后如今没有生育能力，她家里的势力也在逐步被皇上瓦解，如今随便谁生下个儿子，都有可能会撼动她的地位，她当然不能容许这种情况发生。但，不想让皇上生下儿子的可不只有皇后一个人，当初第一个后妃生下皇子时，皇后就曾派你去做掉小皇子，但根本不等你动手，小皇子早已断了气。后来太医说是夭折，你们便也当那孩子运气不好，真是夭折。但到后来，接二连三的皇子出生便夭折，还有许多嫔妃在孕期时孩子就胎死腹中，你便知道这定是有人在暗中动手。,Englishcontent1,0,0,0,0
173,174,0,皇上肯定也是这么认为，但一直没揪出凶手来。他最大的怀疑目标是皇后，不过一直没有证据。加上你在皇上跟前帮皇后美言过，皇上对你有几分信赖，便也没死抓住皇后不放。,Englishcontent1,0,0,0,0
174,175,0,是的，皇上对你这个丫鬟是有几分信任的。皇后之所以不能生育，是因为长期服用烈性的避子汤，而这汤药一直都是你给换掉的。皇上对沈碧毫无爱意，娶她全是利用，最主要的是瓦解她家里的势力，拿回在她兄长和父亲手里的兵权。奈何沈碧被爱情冲昏了头脑，完全相信跟皇上是真爱。皇上每每宠幸完她都会给她一碗避子汤，但骗她说是养生促怀的汤药，沈碧毫不怀疑，每每都一脸幸福地喝下。而你，全部都知情。,Englishcontent1,0,0,0,0
175,176,0,谁能想到，你一个出身低微相貌平庸的丫鬟，也能得到皇上的宠爱呢？你虽然知道皇上不可能钟情于你，可你还是被诱惑，沦陷了。你早已同皇上行了苟且之事，皇后的一举一动你都暗暗禀报给他，他也许诺你会在合适的时机给你一个名分，而你，一直坚信不疑地在等这个时机。其实只要你像皇上栽赃几句沈碧，她就能被废掉，但你没有，因为还不到除她的时候。这宫中你无依无靠，即便沈碧现在倒下，你在这么多背景雄厚的妃子中也无法站稳脚跟，所以你还需要她这皇后的身份庇护，直到你诞下皇子为止。,Englishcontent1,0,0,0,0
176,177,0,但在这之前，决不能有别人比你先诞下皇子。你抚摸着自己的小腹，看着窗外的夜色，暗暗祈祷：希望丽妃的儿子，也能早早“夭折”。,Englishcontent1,0,0,0,0
177,178,0,但等了好几日，那小皇子依旧安然无恙。皇上派了重兵看护，除了奶娘和丽妃，根本无人能近身。不仅如此，皇上还要给小皇子办诞生宴，同太后的寿宴在同一天举行，可谓是多大的排面！,Englishcontent1,0,0,0,0
178,179,0,丽妃身子恢复之后，抱着小皇子来跟沈碧请安，你瞅着她怀里那白白胖胖的男婴，心里一阵扭曲。若是她的儿子安然无恙，你肚子里的孩子该怎么办？就算你也生下个儿子，论身份论地位，你到底是比那普通官员家庭出身的丽妃还要低微，她势必要高你一头，她的儿子也势必要高你一头！,Englishcontent1,0,0,0,0
179,180,0,如今丽妃有了儿子，心气儿明显也大了，没跟沈碧说几句话就要走。等她离开后，你俯身在沈碧耳边轻声问：“娘娘，需要动手吗？”,Englishcontent1,0,0,0,0
180,181,0, 沈碧不紧不慢道：“不急。”,Englishcontent1,0,0,0,0
181,182,0,你不明白她为何不急，这个小皇子活的时日已然是历史最长，怕是拖得越久越不好除，难道她不担心吗？但这沈碧向来是个没什么头脑的，否则也不会把自己一手好牌打得这样稀烂。你想，这事儿或许也无法指望她了。,Englishcontent1,0,0,0,0
182,183,0,翌日，你悄悄请药房相熟的小太监帮你拿了安胎药和砒霜，给了他一支金钗作为报酬。回去之后，你服侍沈碧用完晚膳，便借口要送衣物去浣衣坊清洗。,Englishcontent1,0,0,0,0
183,184,0,你只假意送了两件衣裳给浣衣坊，然后去了皇上的寝宫。几日未见，皇上气色不错，看来是因为得了皇子，心情大好。往日他都不允许你贸然来找他，今日你未听话，他也并未生气，笑着让你过去坐。,Englishcontent1,0,0,0,0
184,185,0,你在他身侧坐下，攀上他的手臂娇嗔：“皇上有了小皇子，是不是完全把奴婢忘记了？”,Englishcontent1,0,0,0,0
185,186,0, 皇上朗笑几声，大手抚上你的小腹：“别多想，朕只是近日公务繁忙。”,Englishcontent1,0,0,0,0
186,187,0,“真的吗？我以为你满心满眼都只有小皇子了呢。”,Englishcontent1,0,0,0,0
187,188,0,皇上似乎猜到你的意图，诓哄道：“放心，你若给朕诞下皇子，朕也一样不会亏待他。”,Englishcontent1,0,0,0,0
188,189,0,你眸色微黯，亏待定然是不会亏待的，但太子的位置只有一个，若是有两个皇子，他定然是不会给你这个丫鬟出身的儿子。你收敛神色，不再拈酸吃醋，刻意勾引了皇上一番，待他情动之时便合衣离开。你没有绝色的样貌，但这副身子还算不错，加上偶尔会对皇上使些情调，他才能对你稍有兴趣。,Englishcontent1,0,0,0,0
189,190,0,不过你如今怀有身孕，也不能太过越界，今日目的只是想在皇上跟前刷刷存在感罢了。时辰不早，想必沈碧已经回宫，你匆忙回到凤栖殿。,Englishcontent1,0,0,0,0
190,191,0,到了太后寿宴这天，规模比往年都要盛大，各路皇亲国戚朝中大臣都前来拜贺。你知道，这有一半都是冲着小皇子来的。,Englishcontent1,0,0,0,0
191,192,0,你今日心情可谓是降到冰点，那丽妃仅仅还只是诞下了一个皇子，就已经跟皇后平起平坐一排席位。皇帝这安排，可不明白着告诉大家下一任皇后就是丽妃了么？！那等你的孩子出生，还能再有这般待遇？这必不可能！,Englishcontent1,0,0,0,0
192,193,0,非但如此，皇帝竟还说：“今日，趁着众人都在，朕也想顺便解决一下这多年的疑惑，朕多次让太医诊治，身子并无问题，没有生不出儿子的道理。但这么多年，后宫的嫔妃要么是怀不上儿子，要么流产，要么生下皇子便夭折，实在是蹊跷。朕一直相信是有人在搞鬼，但一直没抓到那人。今日众人就帮朕分析分析，究竟是谁在捣鬼！”,Englishcontent1,0,0,0,0
193,-1,0,众人顿时一阵唏嘘，谁也不敢贸然开口。你也震惊地看向皇上，摸不清他为何突然来上这么一出。,Englishcontent1,0,0,0,0
